{"coco/AP": 0.752364335173013, "coco/AP .5": 1.0, "coco/AP .75": 0.9418014972228932, "coco/AP (M)": -1.0, "coco/AP (L)": 0.752364335173013, "coco/AR": 0.7952380952380953, "coco/AR .5": 1.0, "coco/AR .75": 0.9523809523809523, "coco/AR (M)": -1.0, "coco/AR (L)": 0.7952380952380953, "PCK": 0.9784580498866213, "AUC": 0.15085034013605444, "NME": 0.03814472362838364, "data_time": 1.430468996365865, "time": 1.8269121249516804}