{"coco/bbox_mAP": 0.721, "coco/bbox_mAP_50": 0.825, "coco/bbox_mAP_75": 0.796, "coco/bbox_mAP_s": 0.72, "coco/bbox_mAP_m": 0.869, "coco/bbox_mAP_l": -1.0, "data_time": 0.9023313889136682, "time": 1.101309372828557}