{"coco/bbox_mAP": 0.74, "coco/bbox_mAP_50": 0.958, "coco/bbox_mAP_75": 0.893, "coco/bbox_mAP_s": -1.0, "coco/bbox_mAP_m": -1.0, "coco/bbox_mAP_l": 0.74, "data_time": 0.8737346692518755, "time": 1.2294514612718062}