{"lr": 2.5863685344827587e-05, "data_time": 2.310181665420532, "loss": 2.7522549629211426, "loss_cls": 2.0662880420684813, "loss_bbox": 0.6859668850898742, "time": 3.4863726139068603, "epoch": 1, "memory": 1621, "step": 5}
{"lr": 6.465640086206897e-05, "data_time": 1.2160104404796253, "loss": 2.735346967523748, "loss_cls": 2.042250221425837, "loss_bbox": 0.6930967515165155, "time": 1.9049530679529363, "epoch": 2, "memory": 1621, "step": 11}
{"lr": 0.00010344911637931034, "data_time": 0.8919603403876809, "loss": 2.762133135515101, "loss_cls": 2.0821188477908863, "loss_bbox": 0.6800142807119033, "time": 1.4270965071285473, "epoch": 3, "memory": 1621, "step": 17}
{"lr": 0.00014224183189655168, "data_time": 0.7257911640664806, "loss": 2.7910134895988135, "loss_cls": 2.1299265467602275, "loss_bbox": 0.6610869506131047, "time": 1.1786964976269265, "epoch": 4, "memory": 1621, "step": 23}
{"lr": 0.000181034547413793, "data_time": 0.6343325335403969, "loss": 2.7825500060772073, "loss_cls": 2.1250203971205086, "loss_bbox": 0.6575296192333616, "time": 1.0399264796026821, "epoch": 5, "memory": 1621, "step": 29}
{"lr": 0.0001874999999999999, "data_time": 0.57408858026777, "loss": 2.7846616063799177, "loss_cls": 2.1417472975594656, "loss_bbox": 0.6429143275533403, "time": 0.9503589630126953, "epoch": 6, "memory": 1621, "step": 35}
{"lr": 0.0001874999999999999, "data_time": 0.5278041246460705, "loss": 2.7802536254975854, "loss_cls": 2.1578431245757312, "loss_bbox": 0.6224105241822033, "time": 0.8811204666044654, "epoch": 7, "memory": 1621, "step": 41}
{"lr": 0.0001874999999999999, "data_time": 0.4950518658820619, "loss": 2.759057476165447, "loss_cls": 2.1555077420904283, "loss_bbox": 0.6035497600727893, "time": 0.8330597116592082, "epoch": 8, "memory": 1621, "step": 47}
{"lr": 0.0001874999999999999, "data_time": 0.26534778594970704, "loss": 2.71092267036438, "loss_cls": 2.1270744895935056, "loss_bbox": 0.5838482093811035, "time": 0.5022774314880372, "epoch": 9, "memory": 1621, "step": 53}
{"lr": 0.0001874999999999999, "data_time": 0.26105728149414065, "loss": 2.6391813349723816, "loss_cls": 2.089684588909149, "loss_bbox": 0.5494967705011368, "time": 0.49262264251708987, "epoch": 10, "memory": 1621, "step": 59}
{"coco/bbox_mAP": 0.444, "coco/bbox_mAP_50": 0.572, "coco/bbox_mAP_75": 0.504, "coco/bbox_mAP_s": 0.437, "coco/bbox_mAP_m": 0.73, "coco/bbox_mAP_l": -1.0, "data_time": 0.44850855607252854, "time": 0.515020278783945, "step": 10}
{"lr": 0.0001874999999999999, "data_time": 0.2596073865890503, "loss": 2.5057607960700987, "loss_cls": 1.9908773255348207, "loss_bbox": 0.5148834937810898, "time": 0.4925491189956665, "epoch": 11, "memory": 1621, "step": 65}
{"lr": 0.0001874999999999999, "data_time": 0.2556986618041992, "loss": 2.328876328468323, "loss_cls": 1.8510907328128814, "loss_bbox": 0.47778561532497404, "time": 0.48758241176605227, "epoch": 12, "memory": 1621, "step": 71}
{"lr": 0.0001874999999999999, "data_time": 0.25438446521759034, "loss": 2.1321283054351805, "loss_cls": 1.6908464097976685, "loss_bbox": 0.44128191351890567, "time": 0.48576720714569094, "epoch": 13, "memory": 1621, "step": 77}
{"lr": 0.0001874999999999999, "data_time": 0.2550589275360107, "loss": 1.919716502428055, "loss_cls": 1.5110135340690614, "loss_bbox": 0.4087029793858528, "time": 0.4855060529708862, "epoch": 14, "memory": 1621, "step": 83}
{"lr": 0.0001874999999999999, "data_time": 0.2556366157531738, "loss": 1.7041730237007142, "loss_cls": 1.3252246862649917, "loss_bbox": 0.3789483425021172, "time": 0.4865625095367432, "epoch": 15, "memory": 1621, "step": 89}
{"lr": 0.0001874999999999999, "data_time": 0.2560567855834961, "loss": 1.4932439351081848, "loss_cls": 1.1378031420707702, "loss_bbox": 0.3554407939314842, "time": 0.4873204278945923, "epoch": 16, "memory": 1621, "step": 95}
{"lr": 0.0001874999999999999, "data_time": 0.2601880836486816, "loss": 1.3096330213546752, "loss_cls": 0.9769338989257812, "loss_bbox": 0.3326991215348244, "time": 0.4900339555740356, "epoch": 17, "memory": 1621, "step": 101}
{"lr": 0.0001874999999999999, "data_time": 0.26407556056976317, "loss": 1.1391050106287002, "loss_cls": 0.8241868871450424, "loss_bbox": 0.31491812109947204, "time": 0.49497910499572756, "epoch": 18, "memory": 1621, "step": 107}
{"lr": 0.0001874999999999999, "data_time": 0.26339303970336914, "loss": 1.0337157410383224, "loss_cls": 0.7343512034416199, "loss_bbox": 0.2993645319342613, "time": 0.4882123565673828, "epoch": 19, "memory": 1621, "step": 113}
{"lr": 0.0001874999999999999, "data_time": 0.270393648147583, "loss": 0.9584294706583023, "loss_cls": 0.663702541589737, "loss_bbox": 0.29472692877054213, "time": 0.4967089748382568, "epoch": 20, "memory": 1621, "step": 119}
{"coco/bbox_mAP": 0.687, "coco/bbox_mAP_50": 0.789, "coco/bbox_mAP_75": 0.761, "coco/bbox_mAP_s": 0.712, "coco/bbox_mAP_m": 0.867, "coco/bbox_mAP_l": -1.0, "data_time": 0.00442120007106236, "time": 0.020943965230669295, "step": 20}
{"lr": 0.00018701210630623673, "data_time": 0.2733432674407959, "loss": 0.9116798132658005, "loss_cls": 0.6223741871118545, "loss_bbox": 0.2893056267499924, "time": 0.5048279237747192, "epoch": 21, "memory": 1621, "step": 125}
{"lr": 0.00018446526890387004, "data_time": 0.26955572605133055, "loss": 0.8673840063810349, "loss_cls": 0.5870022076368332, "loss_bbox": 0.2803817972540855, "time": 0.5009600162506104, "epoch": 22, "memory": 1621, "step": 131}
{"lr": 0.00017980014232129403, "data_time": 0.2693778419494629, "loss": 0.8387649148702622, "loss_cls": 0.5631114041805267, "loss_bbox": 0.27565351247787473, "time": 0.5009402513504029, "epoch": 23, "memory": 1621, "step": 137}
{"lr": 0.00017313159745763925, "data_time": 0.26642401695251466, "loss": 0.8033319479227066, "loss_cls": 0.53377395093441, "loss_bbox": 0.2695579990744591, "time": 0.498466854095459, "epoch": 24, "memory": 1621, "step": 143}
{"lr": 0.00016462383601908038, "data_time": 0.2615369844436646, "loss": 0.7772504860162734, "loss_cls": 0.5129396933317184, "loss_bbox": 0.26431079804897306, "time": 0.4932407903671265, "epoch": 25, "memory": 1621, "step": 149}
{"lr": 0.0001544863473278761, "data_time": 0.25403825759887694, "loss": 0.7637646615505218, "loss_cls": 0.5012740826606751, "loss_bbox": 0.2624905848503113, "time": 0.48454402923583983, "epoch": 26, "memory": 1621, "step": 155}
{"lr": 0.00014296874999999998, "data_time": 0.2594639444351196, "loss": 0.7400843179225922, "loss_cls": 0.47851417064666746, "loss_bbox": 0.2615701541304588, "time": 0.4941583824157715, "epoch": 27, "memory": 1621, "step": 161}
{"lr": 0.0001303546455063783, "data_time": 0.2564722108840942, "loss": 0.7155774307250976, "loss_cls": 0.45923745691776274, "loss_bbox": 0.2563399800658226, "time": 0.48970982551574704, "epoch": 28, "memory": 1621, "step": 167}
{"lr": 0.00011695463496345667, "data_time": 0.2594231128692627, "loss": 0.72767618060112, "loss_cls": 0.4721045649051666, "loss_bbox": 0.2555716234445572, "time": 0.49070661544799804, "epoch": 29, "memory": 1621, "step": 173}
{"lr": 0.00010309867110288716, "data_time": 0.264669623374939, "loss": 0.724379757642746, "loss_cls": 0.46630841732025147, "loss_bbox": 0.25807134836912154, "time": 0.49880620956420896, "epoch": 30, "memory": 1621, "step": 179}
{"coco/bbox_mAP": 0.718, "coco/bbox_mAP_50": 0.824, "coco/bbox_mAP_75": 0.802, "coco/bbox_mAP_s": 0.712, "coco/bbox_mAP_m": 0.865, "coco/bbox_mAP_l": -1.0, "data_time": 0.004986899239676339, "time": 0.020872678075517927, "step": 30}
{"lr": 8.912793374022463e-05, "data_time": 0.26981582164764406, "loss": 0.7398076128959655, "loss_cls": 0.47821798086166384, "loss_bbox": 0.26158963799476626, "time": 0.5067862844467164, "epoch": 31, "memory": 1621, "step": 185}
{"lr": 7.538642879555673e-05, "data_time": 0.27109273910522463, "loss": 0.729399836063385, "loss_cls": 0.46884059011936186, "loss_bbox": 0.26055925220251086, "time": 0.5069250726699829, "epoch": 32, "memory": 1621, "step": 191}
{"lr": 6.221251772606155e-05, "data_time": 0.27661861419677736,