{"lr": 0.009999554487748395, "data_time": 0.0023278395334879556, "loss": 0.15157320102055868, "decode.loss_ce": 0.10572807242472966, "decode.acc_seg": 56.8450927734375, "aux.loss_ce": 0.04584512611230215, "aux.acc_seg": 20.3216552734375, "time": 4.240438143412272, "memory": 6131, "step": 3}
{"lr": 0.00997794446709763, "data_time": 0.0018848657608032226, "loss": 0.07249927446246147, "decode.loss_ce": 0.04938479159027338, "decode.acc_seg": 86.1602783203125, "aux.loss_ce": 0.02311448324471712, "aux.acc_seg": 79.0679931640625, "time": 0.31096277236938474, "memory": 3596, "step": 100}
{"lr": 0.009955660594668054, "data_time": 0.0018801689147949219, "loss": 0.057711703702807426, "decode.loss_ce": 0.04029298759996891, "decode.acc_seg": 57.5927734375, "aux.loss_ce": 0.017418716009706257, "aux.acc_seg": 67.9901123046875, "time": 0.3097715139389038, "memory": 3596, "step": 200}
{"lr": 0.009933371122565919, "data_time": 0.0019929170608520507, "loss": 0.054996334761381147, "decode.loss_ce": 0.03840001411736012, "decode.acc_seg": 76.8035888671875, "aux.loss_ce": 0.01659631999209523, "aux.acc_seg": 71.148681640625, "time": 0.31156651973724364, "memory": 3596, "step": 300}
{"lr": 0.009911076035273796, "data_time": 0.0018902063369750977, "loss": 0.05100258737802506, "decode.loss_ce": 0.03591420669108629, "decode.acc_seg": 77.62451171875, "aux.loss_ce": 0.015088381245732307, "aux.acc_seg": 75.6500244140625, "time": 0.311572790145874, "memory": 3596, "step": 400}
{"aAcc": 72.52, "mIoU": 41.01, "mAcc": 50.53, "data_time": 0.46758027871449787, "time": 3.9089730978012085, "step": 400}
{"lr": 0.0098887753171919, "data_time": 0.0019001483917236329, "loss": 0.05318459272384644, "decode.loss_ce": 0.038235094584524634, "decode.acc_seg": 68.9361572265625, "aux.loss_ce": 0.01494949935004115, "aux.acc_seg": 70.458984375, "time": 0.3132584810256958, "memory": 8859, "step": 500}
{"lr": 0.009866468952637547, "data_time": 0.0019887447357177734, "loss": 0.05167768411338329, "decode.loss_ce": 0.03631209880113602, "decode.acc_seg": 82.03125, "aux.loss_ce": 0.015365584660321474, "aux.acc_seg": 74.5330810546875, "time": 0.3133704662322998, "memory": 3596, "step": 600}
{"lr": 0.009844156925844432, "data_time": 0.001795649528503418, "loss": 0.04870545044541359, "decode.loss_ce": 0.033552303723990914, "decode.acc_seg": 79.827880859375, "aux.loss_ce": 0.015153147093951703, "aux.acc_seg": 78.8726806640625, "time": 0.3132621288299561, "memory": 3596, "step": 700}
{"lr": 0.009821839220962003, "data_time": 0.002091717720031738, "loss": 0.053619608469307425, "decode.loss_ce": 0.03780295122414827, "decode.acc_seg": 81.2469482421875, "aux.loss_ce": 0.01581665761768818, "aux.acc_seg": 70.6329345703125, "time": 0.3136641263961792, "memory": 3596, "step": 800}
{"aAcc": 75.97, "mIoU": 41.76, "mAcc": 53.64, "data_time": 0.013254949024745397, "time": 0.2624514102935791, "step": 800}
{"lr": 0.009799515822054777, "data_time": 0.0019942760467529298, "loss": 0.03743947986513376, "decode.loss_ce": 0.025769779924303293, "decode.acc_seg": 70.318603515625, "aux.loss_ce": 0.011669699987396597, "aux.acc_seg": 74.078369140625, "time": 0.31364998817443845, "memory": 3596, "step": 900}
{"lr": 0.00977718671310168, "data_time": 0.0019958019256591797, "loss": 0.0404467673972249, "decode.loss_ce": 0.02827688530087471, "decode.acc_seg": 86.370849609375, "aux.loss_ce": 0.01216988223604858, "aux.acc_seg": 88.330078125, "time": 0.31286277770996096, "memory": 3596, "step": 1000}
{"lr": 0.009754851877995354, "data_time": 0.0020870685577392576, "loss": 0.042823148891329765, "decode.loss_ce": 0.029840291664004325, "decode.acc_seg": 89.3890380859375, "aux.loss_ce": 0.012982857134193181, "aux.acc_seg": 84.600830078125, "time": 0.3137609243392944, "memory": 3596, "step": 1100}
{"lr": 0.009732511300541468, "data_time": 0.0021983623504638673, "loss": 0.03944041542708874, "decode.loss_ce": 0.027387944515794516, "decode.acc_seg": 90.5914306640625, "aux.loss_ce": 0.012052470771595835, "aux.acc_seg": 90.7684326171875, "time": 0.31396501064300536, "memory": 3596, "step": 1200}
{"aAcc": 71.84, "mIoU": 35.45, "mAcc": 42.51, "data_time": 0.013540233884538923, "time": 0.2620132991245815, "step": 1200}
{"lr": 0.009710164964458045, "data_time": 0.0018967151641845702, "loss": 0.03756637424230576, "decode.loss_ce": 0.026268216595053673, "decode.acc_seg": 70.245361328125, "aux.loss_ce": 0.01129815741442144, "aux.acc_seg": 72.2381591796875, "time": 0.3133687019348145, "memory": 3596, "step": 1300}
{"lr": 0.009687812853374727, "data_time": 0.002102303504943848, "loss": 0.054400500282645224, "decode.loss_ce": 0.03814214691519737, "decode.acc_seg": 75.3021240234375, "aux.loss_ce": 0.016258353553712367, "aux.acc_seg": 78.7261962890625, "time": 0.3141627788543701, "memory": 3596, "step": 1400}
{"lr": 0.009665454950832103, "data_time": 0.001994681358337402, "loss": 0.033394035138189795, "decode.loss_ce": 0.023119452968239786, "decode.acc_seg": 85.5804443359375, "aux.loss_ce": 0.010274581983685494, "aux.acc_seg": 85.028076171875, "time": 0.3138606071472168, "memory": 3596, "step": 1500}
{"lr": 0.009643091240280942, "data_time": 0.0020862817764282227, "loss": 0.03512170296162367, "decode.loss_ce": 0.024320648424327372, "decode.acc_seg": 79.400634765625, "aux.loss_ce": 0.010801054211333394, "aux.acc_seg": 74.81689453125, "time": 0.3138611078262329, "memory": 3596, "step": 1600}
{"aAcc": 61.47, "mIoU": 24.43, "mAcc": 32.28, "data_time": 0.013107129505702428, "time": 0.2608744076320103, "step": 1600}
{"lr": 0.009620721705081534, "data_time": 0.0019083738327026368, "loss": 0.04069123677909374, "decode.loss_ce": 0.02818934191018343, "decode.acc_seg": 81.4605712890625, "aux.loss_ce": 0.012501894775778056, "aux.acc_seg": 82.3486328125, "time": 0.3136610507965088, "memory": 3596, "step": 1700}
{"lr": 0.009598346328502901, "data_time": 0.002080988883972168, "loss": 0.03311129491776228, "decode.loss_ce": 0.022907209023833273, "decode.acc_seg": 81.6925048828125, "aux.loss_ce": 0.010204085847362876, "aux.acc_seg": 79.5684814453125, "time": 0.3142594814300537, "memory": 3596, "step": 1800}
{"lr": 0.009575965093722064, "data_time": 0.002186131477355957, "loss": 0.03830372020602226, "decode.loss_ce": 0.02714537102729082, "decode.acc_seg": 86.8804931640625, "aux.loss_ce": 0.011158349364995957, "aux.acc_seg": 87.7532958984375, "time": 0.31455554962158205, "memory": 3596, "step": 1900}
{"lr": 0.009553577983823325, "data_time": 0.002192091941833496, "loss": 0.04301348384469748, "decode.loss_ce": 0.029575058817863466, "decode.acc_seg": 79.1595458984375, "aux.loss_ce": 0.013438424654304981, "aux.acc_seg": 75.9674072265625, "time": 0.31385762691497804, "memory": 3596, "step": 2000}
{"aAcc": 73.29, "mIoU": 42.42, "mAcc": 51.47, "data_time": 0.012673650469098772, "time": 0.2611638137272426, "step": 2000}
{"lr": 0.0095311849817975, "data_time": 0.0019669532775878906, "loss": 0.03596705384552479, "decode.loss_ce": 0.025843699090182783, "decode.acc_seg": 80.4107666015625, "aux.loss_ce": 0.010123354429379106, "aux.acc_seg": 81.5032958984375, "time": 0.3140499353408813, "memory": 3596, "step": 2100}
{"lr": 0.009508786070541123, "data_time": 0.001991939544677734, "loss": 0.04502646718174219, "decode.loss_ce": 0.03204953270033002, "decode.acc_seg": 84.82666015625, "aux.loss_ce": 0.0129769345279783, "aux.acc_seg": 84.66796875, "time": 0.31375784873962403, "memory": 3596, "step": 2200}
{"lr": 0.009486381232855704, "data_time": 0.0019788503646850585, "loss": 0.04100376758724451, "decode.loss_ce": 0.028507683612406253, "decode.acc_seg": 82.8643798828125, "aux.loss_ce": 0.0124960842076689, "aux.acc_seg": 84.625244140625, "time": 0.3141626358032227, "memory": 3596, "step": 2300}
{"lr": 0.009463970451446941, "data_time": 0.001994466781616211, "loss": 0.04872846025973558, "decode.loss_ce": 0.03442207183688879, "decode.acc_seg": 86.395263671875, "aux.loss_ce": 0.014306388329714537, "aux.acc_seg": 81.72607421875, "time": 0.31415977478027346, "memory": 3596, "step": 2400}
{"aAcc": 75.26,