{"coco/bbox_mAP": 0.785, "coco/bbox_mAP_50": 0.968, "coco/bbox_mAP_75": 0.968, "coco/bbox_mAP_s": -1.0, "coco/bbox_mAP_m": -1.0, "coco/bbox_mAP_l": 0.785, "data_time": 0.9021389050917192, "time": 1.1671510392969304}