{"coco/bbox_mAP": 0.755, "coco/bbox_mAP_50": 0.961, "coco/bbox_mAP_75": 0.922, "coco/bbox_mAP_s": -1.0, "coco/bbox_mAP_m": -1.0, "coco/bbox_mAP_l": 0.755, "data_time": 1.7291931455785579, "time": 2.2692942185835405}