{"accuracy/top1": 58.21812438964844, "accuracy/top5": 80.33793640136719, "data_time": 0.6028915359860375, "time": 0.7885481516520182}